dataset,query_split,question_split,question,gold_sql,difficulty
custom_geography,test,test,Which states border a state whose capital population is above the average city population across all states?,SELECT DISTINCT b.STATE_NAME FROM border_info b JOIN state s ON b.BORDER = s.STATE_NAME JOIN city c ON c.CITY_NAME = s.CAPITAL AND c.STATE_NAME = s.STATE_NAME WHERE c.POPULATION > ( SELECT AVG(POPULATION) FROM city ) ;,medium
custom_geography,test,test,"For each state, list the number of cities with population over 100000, but only show states with more than 2 such cities.","SELECT STATE_NAME, COUNT(*) AS big_city_count FROM city WHERE POPULATION > 100000 GROUP BY STATE_NAME HAVING COUNT(*) > 2 ;",medium
custom_geography,test,test,"Which rivers flow through more states than the river with the most states, minus one?",SELECT RIVER_NAME FROM river GROUP BY RIVER_NAME HAVING COUNT(DISTINCT TRAVERSE) >= ( SELECT MAX(state_count) - 1 FROM ( SELECT COUNT(DISTINCT TRAVERSE) AS state_count FROM river GROUP BY RIVER_NAME ) AS counts ) ;,hard
custom_geography,test,test,List states whose area is larger than the average area of states they border.,SELECT s.STATE_NAME FROM state s WHERE s.AREA > ( SELECT AVG(s2.AREA) FROM border_info b JOIN state s2 ON b.BORDER = s2.STATE_NAME WHERE b.STATE_NAME = s.STATE_NAME ) ;,medium
custom_geography,test,test,Find the state with the highest ratio of population to area among states that have at least one mountain.,"SELECT s.STATE_NAME, (s.POPULATION / s.AREA) AS density FROM state s WHERE s.STATE_NAME IN ( SELECT DISTINCT STATE_NAME FROM mountain ) ORDER BY density DESC LIMIT 1 ;",medium
custom_geography,test,test,"Which states have both a lake and a mountain, and border at least 3 other states?",SELECT DISTINCT s.STATE_NAME FROM state s WHERE s.STATE_NAME IN (SELECT STATE_NAME FROM lake) AND s.STATE_NAME IN (SELECT STATE_NAME FROM mountain) AND ( SELECT COUNT(*) FROM border_info b WHERE b.STATE_NAME = s.STATE_NAME ) >= 3 ;,hard
custom_geography,test,test,"For every state, compute the difference between its highest and lowest point elevation, and list the top 5 states with the largest difference.","SELECT STATE_NAME, (HIGHEST_ELEVATION - LOWEST_ELEVATION) AS elevation_range FROM highlow ORDER BY elevation_range DESC LIMIT 5 ;",easy
custom_geography,test,test,"Which cities are the most populous city in their state, and also have a population greater than the state's capital?","SELECT c.CITY_NAME, c.STATE_NAME FROM city c WHERE c.POPULATION = ( SELECT MAX(c2.POPULATION) FROM city c2 WHERE c2.STATE_NAME = c.STATE_NAME ) AND c.POPULATION > ( SELECT cap.POPULATION FROM city cap JOIN state s ON cap.CITY_NAME = s.CAPITAL AND cap.STATE_NAME = s.STATE_NAME WHERE s.STATE_NAME = c.STATE_NAME ) ;",hard
custom_geography,test,test,"List the top 3 states by number of rivers, along with the count, excluding states with zero rivers.","SELECT TRAVERSE AS STATE_NAME, COUNT(*) AS river_count FROM river GROUP BY TRAVERSE ORDER BY river_count DESC LIMIT 3 ;",hard
custom_geography,test,test,Which pairs of neighboring states both have a population density (population/area) above 100?,"SELECT b.STATE_NAME, b.BORDER FROM border_info b JOIN state s1 ON b.STATE_NAME = s1.STATE_NAME JOIN state s2 ON b.BORDER = s2.STATE_NAME WHERE (s1.POPULATION / s1.AREA) > 100 AND (s2.POPULATION / s2.AREA) > 100 ;",easy
custom_geography,test,test,Find states where the tallest mountain is taller than the tallest mountain in every state they border.,SELECT DISTINCT m.STATE_NAME FROM mountain m WHERE m.MOUNTAIN_ALTITUDE > ALL ( SELECT m2.MOUNTAIN_ALTITUDE FROM border_info b JOIN mountain m2 ON b.BORDER = m2.STATE_NAME WHERE b.STATE_NAME = m.STATE_NAME ) ;,medium
custom_geography,test,test,What is the average population of cities in states that do not have any lakes?,SELECT AVG(c.POPULATION) FROM city c WHERE c.STATE_NAME NOT IN ( SELECT DISTINCT STATE_NAME FROM lake ) ;,medium
custom_geography,test,test,"Which state has the most cities with population under 50000, and how many such cities does it have?","SELECT STATE_NAME, COUNT(*) AS small_city_count FROM city WHERE POPULATION < 50000 GROUP BY STATE_NAME ORDER BY small_city_count DESC LIMIT 1 ;",medium
custom_geography,test,test,List states where the capital is NOT the most populous city in that state.,SELECT s.STATE_NAME FROM state s WHERE s.CAPITAL != ( SELECT c.CITY_NAME FROM city c WHERE c.STATE_NAME = s.STATE_NAME ORDER BY c.POPULATION DESC LIMIT 1 ) ;,medium
custom_geography,test,test,Find rivers that traverse a state bordering the state with the largest area (among states that have land borders).,SELECT DISTINCT r.RIVER_NAME FROM river r WHERE r.TRAVERSE IN ( SELECT b.STATE_NAME FROM border_info b WHERE b.BORDER = ( SELECT STATE_NAME FROM state WHERE STATE_NAME IN (SELECT DISTINCT STATE_NAME FROM border_info) ORDER BY AREA DESC LIMIT 1 ) ) ;,medium
custom_atis,test,test,Which airlines operate more flights than the average number of flights per airline?,"SELECT airline_code, COUNT(*) AS flight_count FROM flight GROUP BY airline_code HAVING COUNT(*) > ( SELECT AVG(cnt) FROM ( SELECT COUNT(*) AS cnt FROM flight GROUP BY airline_code ) AS airline_counts ) ;",hard
custom_atis,test,test,Which cities are served by more than one airport?,"SELECT c.city_name, COUNT(DISTINCT s.airport_code) AS airport_count FROM city c JOIN airport_service s ON c.city_code = s.city_code GROUP BY c.city_name HAVING COUNT(DISTINCT s.airport_code) > 1 ;",medium
custom_atis,test,test,"For each route (from airport to airport) that has more than one airline offering a fare, show the cheapest one-direction cost.","SELECT from_airport, to_airport, MIN(one_direction_cost) AS cheapest_fare FROM fare GROUP BY from_airport, to_airport HAVING COUNT(DISTINCT fare_airline) > 1 ;",medium
custom_atis,test,test,Find flights that have more stops than the average number of stops among flights operated by the same airline.,"SELECT f.flight_id, f.airline_code, f.stops FROM flight f WHERE f.stops > ( SELECT AVG(f2.stops) FROM flight f2 WHERE f2.airline_code = f.airline_code ) ;",medium
custom_atis,test,test,Which airlines have an average one-direction fare cost higher than the overall average across all airlines?,"SELECT fare_airline, AVG(one_direction_cost) AS avg_cost FROM fare GROUP BY fare_airline HAVING AVG(one_direction_cost) > ( SELECT AVG(one_direction_cost) FROM fare ) ;",hard
custom_atis,test,test,Which states have airports served by flights from more than 3 different airlines?,"SELECT st.state_name, COUNT(DISTINCT fl.airline_code) AS airline_count FROM state st JOIN airport ap ON st.state_code = ap.state_code JOIN flight fl ON fl.from_airport = ap.airport_code GROUP BY st.state_name HAVING COUNT(DISTINCT fl.airline_code) > 3 ;",medium
custom_atis,test,test,"Find the flight(s) with the maximum number of stops, along with the airline name operating them.","SELECT f.flight_id, al.airline_name, f.stops FROM flight f JOIN airline al ON f.airline_code = al.airline_code WHERE f.stops = ( SELECT MAX(stops) FROM flight ) ;",medium
custom_atis,test,test,List fare basis codes whose average one-direction cost is above the overall average one-direction cost.,"SELECT fare_basis_code, AVG(one_direction_cost) AS avg_cost FROM fare GROUP BY fare_basis_code HAVING AVG(one_direction_cost) > ( SELECT AVG(one_direction_cost) FROM fare ) ;",hard
custom_advising,test,test,Which instructors have taught more course offerings than the average number of offerings per instructor?,"SELECT oi.INSTRUCTOR_ID, COUNT(*) AS offering_count FROM OFFERING_INSTRUCTOR oi GROUP BY oi.INSTRUCTOR_ID HAVING COUNT(*) > ( SELECT AVG(cnt) FROM ( SELECT COUNT(*) AS cnt FROM OFFERING_INSTRUCTOR GROUP BY INSTRUCTOR_ID ) AS counts ) ;",hard
custom_advising,test,test,List courses that have more than 2 prerequisite courses.,"SELECT c.COURSE_ID, c.NAME, COUNT(*) AS prereq_count FROM COURSE_PREREQUISITE cp JOIN COURSE c ON cp.course_id = c.COURSE_ID GROUP BY c.COURSE_ID, c.NAME HAVING COUNT(*) > 2 ;",medium
custom_advising,test,test,Which programs have an average course workload higher than the overall average workload across all programs?,"SELECT program_id, AVG(workload) AS avg_workload FROM PROGRAM_COURSE GROUP BY program_id HAVING AVG(workload) > ( SELECT AVG(workload) FROM PROGRAM_COURSE ) ;",hard
custom_advising,test,test,Find students whose total GPA is higher than the average GPA of students in the same program.,"SELECT s.student_id, s.firstname, s.lastname, s.total_gpa FROM STUDENT s WHERE s.total_gpa > ( SELECT AVG(s2.total_gpa) FROM STUDENT s2 WHERE s2.program_id = s.program_id ) ;",medium
custom_advising,test,test,Which courses have a clarity score above the average clarity score for their department?,"SELECT c.COURSE_ID, c.NAME, c.DEPARTMENT, c.CLARITY_SCORE FROM COURSE c WHERE c.CLARITY_SCORE > ( SELECT AVG(c2.CLARITY_SCORE) FROM COURSE c2 WHERE c2.DEPARTMENT = c.DEPARTMENT ) ;",medium
custom_advising,test,test,Find courses that are required as a prerequisite for more than 3 other courses.,"SELECT c.COURSE_ID, c.NAME, COUNT(*) AS required_for_count FROM COURSE_PREREQUISITE cp JOIN COURSE c ON cp.pre_course_id = c.COURSE_ID GROUP BY c.COURSE_ID, c.NAME HAVING COUNT(*) > 3 ;",medium
custom_advising,test,test,Which semesters had more course offerings than the average number of offerings per semester?,"SELECT SEMESTER, COUNT(*) AS offering_count FROM COURSE_OFFERING GROUP BY SEMESTER HAVING COUNT(*) > ( SELECT AVG(cnt) FROM ( SELECT COUNT(*) AS cnt FROM COURSE_OFFERING GROUP BY SEMESTER ) AS counts ) ;",hard
custom_advising,test,test,Find courses with more enrolled students than the average enrollment across all courses in the same department.,"SELECT c.COURSE_ID, c.NAME, c.DEPARTMENT, c.NUM_ENROLLED FROM COURSE c WHERE c.NUM_ENROLLED > ( SELECT AVG(c2.NUM_ENROLLED) FROM COURSE c2 WHERE c2.DEPARTMENT = c.DEPARTMENT ) ;",medium
